,email
1,eifpguim.braga@psp.pt
2,div.aveiro@psp.pt
3,eifp.braga@psp.pt
4,etr.guimaraes.braga@psp.pt
5,divbrg.braga@psp.pt
6,barcelos.braga@psp.pt
7,famalicao.braga@psp.pt
8,epp@psp.pt
9,cpbraganca@psp.pt
10,contacto@psp.pt
11,cpbraga@psp.pt
12,iscpsi@psp.pt
13,cpaveiro@psp.pt
14,uep.ci@psp.pt
15,cpbeja@psp.pt
16,etr.braga@psp.pt
17,uep@psp.pt
18,guimaraes.braga@psp.pt
19,eic.braga@psp.pt
20,escolasegura@psp.pt
21,npidqo.dsic@psp.pt
22,bripa.evora@psp.pt
23,cpportalegre@psp.pt
24,cpcbranco@psp.pt
25,defesaanimal.vreal@psp.pt
26,defesaanimal.santarem@psp.pt
27,animais.lisboa@psp.pt
28,defesanimal.coimbra@psp.pt
29,defesaanimal.setubal@psp.pt
30,defesanimal.vcastelo@psp.pt
31,bripa.porto@psp.pt
32,no.viseu@psp.pt
33,defesanimal.braganca@psp.pt
34,defesanimal@psp.pt
35,cpleiria@psp.pt
36,defesanimal.braga@psp.pt
37,nopera.faro@psp.pt
38,defesaanimal.madeira@psp.pt
39,eifp.guarda@psp.pt
40,aoper.cracores@psp.pt
41,proximidade@psp.pt
42,violenciadomestica@psp.pt
43,estouaqui@psp.pt
44,uep.ndfc.sact@psp.pt
45,inspger@psp.pt
46,protocolo@psp.pt
47,admissao.iscpsi@psp.pt
48,concurso.cfa@psp.pt
49,dn@psp.pt
